<?xml version="1.0" encoding="UTF-8"?>
<classpath>
	<classpathentry kind="src" path="src"/>
	<classpathentry kind="lib" path="apache-ant-1.10.1/etc/ant-bootstrap.jar"/>
	<classpathentry kind="lib" path="apache-ant-1.10.1/lib/ant-antlr.jar"/>
	<classpathentry kind="lib" path="apache-ant-1.10.1/lib/ant-apache-bcel.jar"/>
	<classpathentry kind="lib" path="apache-ant-1.10.1/lib/ant-apache-bsf.jar"/>
	<classpathentry kind="lib" path="apache-ant-1.10.1/lib/ant-apache-log4j.jar"/>
	<classpathentry kind="lib" path="apache-ant-1.10.1/lib/ant-apache-oro.jar"/>
	<classpathentry kind="lib" path="apache-ant-1.10.1/lib/ant-apache-regexp.jar"/>
	<classpathentry kind="lib" path="apache-ant-1.10.1/lib/ant-apache-resolver.jar"/>
	<classpathentry kind="lib" path="apache-ant-1.10.1/lib/ant-apache-xalan2.jar"/>
	<classpathentry kind="lib" path="apache-ant-1.10.1/lib/ant-commons-logging.jar"/>
	<classpathentry kind="lib" path="apache-ant-1.10.1/lib/ant-commons-net.jar"/>
	<classpathentry kind="lib" path="apache-ant-1.10.1/lib/ant-jai.jar"/>
	<classpathentry kind="lib" path="apache-ant-1.10.1/lib/ant-javamail.jar"/>
	<classpathentry kind="lib" path="apache-ant-1.10.1/lib/ant-jdepend.jar"/>
	<classpathentry kind="lib" path="apache-ant-1.10.1/lib/ant-jmf.jar"/>
	<classpathentry kind="lib" path="apache-ant-1.10.1/lib/ant-jsch.jar"/>
	<classpathentry kind="lib" path="apache-ant-1.10.1/lib/ant-junit.jar"/>
	<classpathentry kind="lib" path="apache-ant-1.10.1/lib/ant-junit4.jar"/>
	<classpathentry kind="lib" path="apache-ant-1.10.1/lib/ant-launcher.jar"/>
	<classpathentry kind="lib" path="apache-ant-1.10.1/lib/ant-netrexx.jar"/>
	<classpathentry kind="lib" path="apache-ant-1.10.1/lib/ant-swing.jar"/>
	<classpathentry kind="lib" path="apache-ant-1.10.1/lib/ant-testutil.jar"/>
	<classpathentry kind="lib" path="apache-ant-1.10.1/lib/ant-xz.jar"/>
	<classpathentry kind="lib" path="apache-ant-1.10.1/lib/ant.jar"/>
	<classpathentry kind="con" path="org.eclipse.jdt.launching.JRE_CONTAINER"/>
	<classpathentry kind="con" path="org.eclipse.jdt.USER_LIBRARY/Selenium"/>
	<classpathentry kind="con" path="org.testng.TESTNG_CONTAINER"/>
	<classpathentry kind="output" path="bin"/>
</classpath>
