<?xml version="1.0" encoding="UTF-8"?>
<projectDescription>
	<name>TimeDoctorNightly</name>
	<comment></comment>
	<projects>
	</projects>
	<buildSpec>
		<buildCommand>
			<name>org.eclipse.jdt.core.javabuilder</name>
			<arguments>
			</arguments>
		</buildCommand>
		<buildCommand>
			<name>org.eclipse.wst.jsdt.core.javascriptValidator</name>
			<arguments>
			</arguments>
		</buildCommand>
	</buildSpec>
	<natures>
		<nature>org.eclipse.wst.jsdt.core.jsNature</nature>
		<nature>org.eclipse.jdt.core.javanature</nature>
	</natures>
</projectDescription>
